id,charaName,charaFullName,visible,charaShard,rarity,charaGroup,camp,feature,career,remoteAtk,sex,skinId,type
int,string,string,bool,string,int,int,int,ints,int,bool,int,int,int
1001,cfg_character_charaName_1001,cfg_character_charaFullName_1001,1,501001:60,4,1001,1,1,5,0,1,100101,1
1002,cfg_character_charaName_1002,cfg_character_charaFullName_1002,1,501002:60,4,1002,1,1,4,1,2,100201,1
1003,cfg_character_charaName_1003,cfg_character_charaFullName_1003,1,501003:60,4,1003,3,"2,16",1,0,2,100301,1
1004,cfg_character_charaName_1004,cfg_character_charaFullName_1004,1,501004:60,4,1004,2,33,1,0,2,100401,1
1005,cfg_character_charaName_1005,cfg_character_charaFullName_1005,1,501005:60,4,1005,1,3,1,0,1,100501,1
1006,cfg_character_charaName_1006,cfg_character_charaFullName_1006,1,501006:60,4,1006,4,"28,10",2,0,1,100601,1
1007,cfg_character_charaName_1007,cfg_character_charaFullName_1007,1,501007:60,4,1007,3,34,4,1,2,100701,1
1008,cfg_character_charaName_1008,cfg_character_charaFullName_1008,1,501008:60,4,1008,3,7,6,1,1,100801,1
1009,cfg_character_charaName_1009,cfg_character_charaFullName_1009,1,501009:60,4,1009,2,"4,25",5,0,1,100901,1
1011,cfg_character_charaName_1011,cfg_character_charaFullName_1011,1,501011:60,4,1011,3,46,3,0,1,101101,1
1012,cfg_character_charaName_1012,cfg_character_charaFullName_1012,1,501012:60,3,1012,1,"5,21",2,0,1,101201,1
1013,cfg_character_charaName_1013,cfg_character_charaFullName_1013,1,501013:60,4,1013,2,40,5,1,2,101301,1
1014,cfg_character_charaName_1014,cfg_character_charaFullName_1014,1,501014:60,4,1013,2,39,2,0,2,101401,1
1017,cfg_character_charaName_1017,cfg_character_charaFullName_1017,1,501017:60,4,1017,3,39,2,0,2,101701,1
1018,cfg_character_charaName_1018,cfg_character_charaFullName_1018,1,501018:60,4,1018,2,41,5,1,2,101801,1
1019,cfg_character_charaName_1019,cfg_character_charaFullName_1019,1,501019:60,4,1019,3,47,2,0,1,101901,1
1021,cfg_character_charaName_1021,cfg_character_charaFullName_1021,0,501021:60,4,1021,4,42,6,1,3,102101,1
1022,cfg_character_charaName_1022,cfg_character_charaFullName_1022,1,501022:60,4,1022,4,48,6,1,2,102201,1
1024,cfg_character_charaName_1024,cfg_character_charaFullName_1024,1,501024:60,4,1024,4,"6,29",2,0,1,102401,1
1031,cfg_character_charaName_1031,cfg_character_charaFullName_1031,1,501031:60,4,1031,4,7,1,0,1,103101,1
2001,cfg_character_charaName_2001,cfg_character_charaFullName_2001,1,502001:20,2,1018,1,1,3,0,2,200101,1
2003,cfg_character_charaName_2003,cfg_character_charaFullName_2003,0,502003:20,2,2003,3,1,2,0,1,200301,1
2004,cfg_character_charaName_2004,cfg_character_charaFullName_2004,0,502004:20,2,2004,2,1,1,0,1,200401,1
2005,cfg_character_charaName_2005,cfg_character_charaFullName_2005,1,502005:20,3,2005,4,37,2,0,1,200501,1
2006,cfg_character_charaName_2006,cfg_character_charaFullName_2006,1,502006:20,3,2006,4,28,2,0,1,200601,1
2007,cfg_character_charaName_2007,cfg_character_charaFullName_2007,1,502007:20,3,2007,2,43,5,1,2,200701,1
2008,cfg_character_charaName_2008,cfg_character_charaFullName_2008,0,502008:20,3,2008,1,10,5,1,2,200801,1
2009,cfg_character_charaName_2009,cfg_character_charaFullName_2009,1,502009:20,3,2009,1,"15,32",1,0,2,200901,1
2011,cfg_character_charaName_2011,cfg_character_charaFullName_2011,0,502011:20,3,2011,3,12,5,1,1,201101,1
2014,cfg_character_charaName_2014,cfg_character_charaFullName_2014,1,502014:20,3,2014,4,44,6,1,1,201401,1
2015,cfg_character_charaName_2015,cfg_character_charaFullName_2015,0,502015:20,3,2015,4,10,4,1,2,201501,1
2016,cfg_character_charaName_2016,cfg_character_charaFullName_2016,0,502016:20,3,2016,2,19,6,0,1,201601,1
2017,cfg_character_charaName_2017,cfg_character_charaFullName_2017,0,502017:20,3,2017,2,19,2,0,1,201701,1
2019,cfg_character_charaName_2019,cfg_character_charaFullName_2019,1,502019:20,3,2019,2,13,5,1,1,201901,1
2020,cfg_character_charaName_2020,cfg_character_charaFullName_2020,1,502020:20,3,2020,2,30,3,0,2,202001,1
2021,cfg_character_charaName_2021,cfg_character_charaFullName_2021,1,502021:20,3,2021,3,14,2,0,1,202101,1
2041,cfg_character_charaName_2041,cfg_character_charaFullName_2041,1,502041:20,3,2041,4,19,6,1,1,204101,1
2051,cfg_character_charaName_2051,cfg_character_charaFullName_2051,0,502051:20,3,2051,4,1,1,0,1,205101,1
3001,cfg_character_charaName_3001,cfg_character_charaFullName_3001,0,503001:20,3,3001,2,1,1,0,1,300101,1
3002,cfg_character_charaName_3002,cfg_character_charaFullName_3002,1,503002:10,2,3002,1,16,1,0,1,300201,1
3003,cfg_character_charaName_3003,cfg_character_charaFullName_3003,1,503003:10,2,3003,1,42,2,0,1,300301,1
3004,cfg_character_charaName_3004,cfg_character_charaFullName_3004,1,503004:10,2,3004,1,42,2,0,1,300401,1
3005,cfg_character_charaName_3005,cfg_character_charaFullName_3005,1,503005:10,2,3005,4,19,6,1,2,300501,1
3006,cfg_character_charaName_3006,cfg_character_charaFullName_3006,1,503006:10,2,3006,3,42,4,1,1,300601,1
3007,cfg_character_charaName_3007,cfg_character_charaFullName_3007,1,503007:10,2,3007,4,42,1,0,1,300701,1
3008,cfg_character_charaName_3008,cfg_character_charaFullName_3008,1,503008:10,2,3008,3,42,2,0,1,300801,1
3009,cfg_character_charaName_3009,cfg_character_charaFullName_3009,0,503009:10,2,3009,2,24,3,0,1,300901,1
3010,cfg_character_charaName_3010,cfg_character_charaFullName_3010,1,503010:10,2,3010,3,23,3,0,1,301001,1
3011,cfg_character_charaName_3011,cfg_character_charaFullName_3011,1,503011:10,2,3011,4,22,1,0,1,301101,1
3013,cfg_character_charaName_3013,cfg_character_charaFullName_3013,0,503013:10,2,3013,4,22,5,1,1,301301,1
4001,cfg_character_charaName_4001,cfg_character_charaFullName_4001,1,504001:5,1,4001,1,24,2,0,2,400101,1
4002,cfg_character_charaName_4002,cfg_character_charaFullName_4002,1,504002:5,1,4002,1,39,1,0,1,400201,1
4003,cfg_character_charaName_4003,cfg_character_charaFullName_4003,1,504003:5,1,4003,1,42,4,1,1,400301,1
4004,cfg_character_charaName_4004,cfg_character_charaFullName_4004,1,504004:5,1,4004,1,31,5,1,2,400401,1
4005,cfg_character_charaName_4005,cfg_character_charaFullName_4005,1,504005:5,1,4005,1,26,6,0,1,400501,1
4006,cfg_character_charaName_4006,cfg_character_charaFullName_4006,0,504006:5,1,4006,1,27,3,0,1,400601,1
1998,cfg_character_charaName_1998,cfg_character_charaName_1998,0,,2,1998,3,1,4,1,1,199801,2
1999,cfg_character_charaName_1999,cfg_character_charaName_1999,0,,2,1999,3,1,1,0,1,199901,2
2997,王城卫兵弓箭手,王城卫兵弓箭手,0,,1,2997,3,1,4,1,1,299701,1
2998,cfg_character_charaName_2998,cfg_character_charaName_2998,0,,3,2998,2,2,2,0,1,299801,1
2999,帝国弓箭手,帝国弓箭手,0,,2,2999,1,1,4,1,1,2999,2
30101,沙丘隆特的幻象,沙丘隆特的幻象,0,,2,30101,3,1,3,0,1,301001,2
9999,工具人彼得,工具人彼得,0,504002:5,1,,2,4,2,0,2,999901,1
99998,工具人骑士,工具人骑士,0,,1,,1,4,2,0,1,200101,2
99999,工具人骑士,工具人骑士,0,,1,,1,4,2,0,1,101201,2
51001,cfg_character_charaName_1001,cfg_character_charaName_1001,0,,1,,,1,5,1,1,100101,2
510021,cfg_character_charaName_1002,cfg_character_charaName_1002,0,,4,,1,1,4,1,2,100201,2
510023,cfg_character_charaName_1002,cfg_character_charaName_1002,0,,4,,1,1,4,1,2,100201,2
510025,cfg_character_charaName_1002,cfg_character_charaName_1002,0,,4,,1,1,4,1,2,100201,2
510031,cfg_character_charaName_1003,cfg_character_charaName_1003,0,,4,,3,1,6,0,2,100301,2
510033,cfg_character_charaName_1003,cfg_character_charaName_1003,0,,4,,3,1,6,0,2,100301,2
510035,cfg_character_charaName_1003,cfg_character_charaName_1003,0,,4,,3,1,6,0,2,100301,2
510041,cfg_character_charaName_1004,cfg_character_charaName_1004,0,,4,,2,1,1,0,2,100401,2
510043,cfg_character_charaName_1004,cfg_character_charaName_1004,0,,4,,2,1,1,0,2,100401,2
510045,cfg_character_charaName_1004,cfg_character_charaName_1004,0,,4,,2,1,1,0,2,100401,2
510051,cfg_character_charaName_1005,cfg_character_charaName_1005,0,,4,,1,1,1,0,1,100501,2
510053,cfg_character_charaName_1005,cfg_character_charaName_1005,0,,4,,1,1,1,0,1,100501,2
510055,cfg_character_charaName_1005,cfg_character_charaName_1005,0,,4,,1,1,1,0,1,100501,2
510061,cfg_character_charaName_1006,cfg_character_charaName_1006,0,,4,,4,1,2,0,1,100601,2
510063,cfg_character_charaName_1006,cfg_character_charaName_1006,0,,4,,4,1,2,0,1,100601,2
510065,cfg_character_charaName_1006,cfg_character_charaName_1006,0,,4,,4,1,2,0,1,100601,2
510071,cfg_character_charaName_1007,cfg_character_charaName_1007,0,,4,,3,1,4,1,2,100701,2
510073,cfg_character_charaName_1007,cfg_character_charaName_1007,0,,4,,3,1,4,1,2,100701,2
510075,cfg_character_charaName_1007,cfg_character_charaName_1007,0,,4,,3,1,4,1,2,100701,2
510081,cfg_character_charaName_1008,cfg_character_charaName_1008,0,,4,,3,1,6,1,1,100801,2
510083,cfg_character_charaName_1008,cfg_character_charaName_1008,0,,4,,3,1,6,1,1,100801,2
510085,cfg_character_charaName_1008,cfg_character_charaName_1008,0,,4,,3,1,6,1,1,100801,2
510091,cfg_character_charaName_1009,cfg_character_charaName_1009,0,,4,,2,1,5,0,1,100901,2
510093,cfg_character_charaName_1009,cfg_character_charaName_1009,0,,4,,2,1,5,0,1,100901,2
510095,cfg_character_charaName_1009,cfg_character_charaName_1009,0,,4,,2,1,5,0,1,100901,2
510121,cfg_character_charaName_1012,cfg_character_charaName_1012,0,,3,,1,1,2,0,1,101201,2
510123,cfg_character_charaName_1012,cfg_character_charaName_1012,0,,3,,1,1,2,0,1,101201,2
510125,cfg_character_charaName_1012,cfg_character_charaName_1012,0,,3,,1,1,2,0,1,101201,2
510131,cfg_character_charaName_1013,cfg_character_charaName_1013,0,,4,,3,1,5,1,2,101301,2
510133,cfg_character_charaName_1013,cfg_character_charaName_1013,0,,4,,3,1,5,1,2,101301,2
510135,cfg_character_charaName_1013,cfg_character_charaName_1013,0,,4,,3,1,5,1,2,101301,2
510141,cfg_character_charaName_1014,cfg_character_charaName_1014,0,,4,,3,1,2,0,2,101401,2
510143,cfg_character_charaName_1014,cfg_character_charaName_1014,0,,4,,3,1,2,0,2,101401,2
510145,cfg_character_charaName_1014,cfg_character_charaName_1014,0,,4,,3,1,2,0,2,101401,2
510181,cfg_character_charaName_1018,cfg_character_charaName_1018,0,,4,,2,1,5,1,2,101801,2
510183,cfg_character_charaName_1018,cfg_character_charaName_1018,0,,4,,2,1,5,1,2,101801,2
510185,cfg_character_charaName_1018,cfg_character_charaName_1018,0,,4,,2,1,5,1,2,101801,2
510211,cfg_character_charaName_1021,cfg_character_charaName_1021,0,,4,,4,1,6,1,3,102101,2
510213,cfg_character_charaName_1021,cfg_character_charaName_1021,0,,4,,4,1,6,1,3,102101,2
510215,cfg_character_charaName_1021,cfg_character_charaName_1021,0,,4,,4,1,6,1,3,102101,2
510221,cfg_character_charaName_1022,cfg_character_charaName_1022,0,,4,,4,1,6,1,2,102201,2
510223,cfg_character_charaName_1022,cfg_character_charaName_1022,0,,4,,4,1,6,1,2,102201,2
510225,cfg_character_charaName_1022,cfg_character_charaName_1022,0,,4,,4,1,6,1,2,102201,2
510241,cfg_character_charaName_1024,cfg_character_charaName_1024,0,,4,,4,1,2,0,1,102401,2
510243,cfg_character_charaName_1024,cfg_character_charaName_1024,0,,4,,4,1,2,0,1,102401,2
510245,cfg_character_charaName_1024,cfg_character_charaName_1024,0,,4,,4,1,2,0,1,102401,2
510311,cfg_character_charaName_1031,cfg_character_charaName_1031,0,,4,,4,1,1,0,1,103101,2
510313,cfg_character_charaName_1031,cfg_character_charaName_1031,0,,4,,4,1,1,0,1,103101,2
510315,cfg_character_charaName_1031,cfg_character_charaName_1031,0,,4,,4,1,1,0,1,103101,2
520011,cfg_character_charaName_2001,cfg_character_charaName_2001,0,,2,,1,1,3,0,2,200101,2
520013,cfg_character_charaName_2001,cfg_character_charaName_2001,0,,2,,1,1,3,0,2,200101,2
520015,cfg_character_charaName_2001,cfg_character_charaName_2001,0,,2,,1,1,3,0,2,200101,2
520051,cfg_character_charaName_2005,cfg_character_charaName_2005,0,,3,,4,1,2,0,1,200501,2
520053,cfg_character_charaName_2005,cfg_character_charaName_2005,0,,3,,4,1,2,0,1,200501,2
520055,cfg_character_charaName_2005,cfg_character_charaName_2005,0,,3,,4,1,2,0,1,200501,2
520061,cfg_character_charaName_2006,cfg_character_charaName_2006,0,,3,,4,1,2,0,1,200601,2
520063,cfg_character_charaName_2006,cfg_character_charaName_2006,0,,3,,4,1,2,0,1,200601,2
520065,cfg_character_charaName_2006,cfg_character_charaName_2006,0,,3,,4,1,2,0,1,200601,2
520071,cfg_character_charaName_2007,cfg_character_charaName_2007,0,,3,,1,1,5,1,2,200701,2
520073,cfg_character_charaName_2007,cfg_character_charaName_2007,0,,3,,1,1,5,1,2,200701,2
520075,cfg_character_charaName_2007,cfg_character_charaName_2007,0,,3,,1,1,5,1,2,200701,2
520091,cfg_character_charaName_2009,cfg_character_charaName_2009,0,,3,,1,1,1,0,2,200901,2
520093,cfg_character_charaName_2009,cfg_character_charaName_2009,0,,3,,1,1,1,0,2,200901,2
520095,cfg_character_charaName_2009,cfg_character_charaName_2009,0,,3,,1,1,1,0,2,200901,2
520141,cfg_character_charaName_2014,cfg_character_charaName_2014,0,,3,,4,1,6,1,1,201401,2
520143,cfg_character_charaName_2014,cfg_character_charaName_2014,0,,3,,4,1,6,1,1,201401,2
520145,cfg_character_charaName_2014,cfg_character_charaName_2014,0,,3,,4,1,6,1,1,201401,2
520151,cfg_character_charaName_2015,cfg_character_charaName_2015,0,,3,,4,1,4,1,2,201501,2
520153,cfg_character_charaName_2015,cfg_character_charaName_2015,0,,3,,4,1,4,1,2,201501,2
520155,cfg_character_charaName_2015,cfg_character_charaName_2015,0,,3,,4,1,4,1,2,201501,2
520191,cfg_character_charaName_2019,cfg_character_charaName_2019,0,,3,,2,1,5,1,1,201901,2
520193,cfg_character_charaName_2019,cfg_character_charaName_2019,0,,3,,2,1,5,1,1,201901,2
520195,cfg_character_charaName_2019,cfg_character_charaName_2019,0,,3,,2,1,5,1,1,201901,2
520201,cfg_character_charaName_2020,cfg_character_charaName_2020,0,,3,,2,1,3,0,2,202001,2
520203,cfg_character_charaName_2020,cfg_character_charaName_2020,0,,3,,2,1,3,0,2,202001,2
520205,cfg_character_charaName_2020,cfg_character_charaName_2020,0,,3,,2,1,3,0,2,202001,2
520211,cfg_character_charaName_2021,cfg_character_charaName_2021,0,,3,,3,1,2,0,1,202101,2
520213,cfg_character_charaName_2021,cfg_character_charaName_2021,0,,3,,3,1,2,0,1,202101,2
520215,cfg_character_charaName_2021,cfg_character_charaName_2021,0,,3,,3,1,2,0,1,202101,2
520411,cfg_character_charaName_2041,cfg_character_charaName_2041,0,,3,,4,1,6,1,1,204101,2
520413,cfg_character_charaName_2041,cfg_character_charaName_2041,0,,3,,4,1,6,1,1,204101,2
520415,cfg_character_charaName_2041,cfg_character_charaName_2041,0,,3,,4,1,6,1,1,204101,2
530021,cfg_character_charaName_3002,cfg_character_charaName_3002,0,,2,,1,1,1,0,1,300201,2
530023,cfg_character_charaName_3002,cfg_character_charaName_3002,0,,2,,1,1,1,0,1,300201,2
530025,cfg_character_charaName_3002,cfg_character_charaName_3002,0,,2,,1,1,1,0,1,300201,2
530031,cfg_character_charaName_3003,cfg_character_charaName_3003,0,,2,,4,1,2,0,1,300301,2
530033,cfg_character_charaName_3003,cfg_character_charaName_3003,0,,2,,4,1,2,0,1,300301,2
530035,cfg_character_charaName_3003,cfg_character_charaName_3003,0,,2,,4,1,2,0,1,300301,2
530041,cfg_character_charaName_3004,cfg_character_charaName_3004,0,,2,,4,1,2,0,1,300401,2
530043,cfg_character_charaName_3004,cfg_character_charaName_3004,0,,2,,4,1,2,0,1,300401,2
530045,cfg_character_charaName_3004,cfg_character_charaName_3004,0,,2,,4,1,2,0,1,300401,2
530051,cfg_character_charaName_3005,cfg_character_charaName_3005,0,,2,,4,1,6,1,2,300501,2
530053,cfg_character_charaName_3005,cfg_character_charaName_3005,0,,2,,4,1,6,1,2,300501,2
530055,cfg_character_charaName_3005,cfg_character_charaName_3005,0,,2,,4,1,6,1,2,300501,2
530061,cfg_character_charaName_3006,cfg_character_charaName_3006,0,,2,,4,1,4,1,1,300601,2
530063,cfg_character_charaName_3006,cfg_character_charaName_3006,0,,2,,4,1,4,1,1,300601,2
530065,cfg_character_charaName_3006,cfg_character_charaName_3006,0,,2,,4,1,4,1,1,300601,2
530071,cfg_character_charaName_3007,cfg_character_charaName_3007,0,,2,,4,1,1,0,1,300701,2
530073,cfg_character_charaName_3007,cfg_character_charaName_3007,0,,2,,4,1,1,0,1,300701,2
530075,cfg_character_charaName_3007,cfg_character_charaName_3007,0,,2,,4,1,1,0,1,300701,2
530081,cfg_character_charaName_3008,cfg_character_charaName_3008,0,,2,,4,1,2,0,1,300801,2
530083,cfg_character_charaName_3008,cfg_character_charaName_3008,0,,2,,4,1,2,0,1,300801,2
530085,cfg_character_charaName_3008,cfg_character_charaName_3008,0,,2,,4,1,2,0,1,300801,2
530101,cfg_character_charaName_3010,cfg_character_charaName_3010,0,,2,,3,1,3,0,1,301001,2
530103,cfg_character_charaName_3010,cfg_character_charaName_3010,0,,2,,3,1,3,0,1,301001,2
530105,cfg_character_charaName_3010,cfg_character_charaName_3010,0,,2,,3,1,3,0,1,301001,2
530111,cfg_character_charaName_3011,cfg_character_charaName_3011,0,,2,,4,1,1,0,1,301101,2
530113,cfg_character_charaName_3011,cfg_character_charaName_3011,0,,2,,4,1,1,0,1,301101,2
530115,cfg_character_charaName_3011,cfg_character_charaName_3011,0,,2,,4,1,1,0,1,301101,2
540011,cfg_character_charaName_4001,cfg_character_charaName_4001,0,,1,,4,1,2,0,2,400101,2
540013,cfg_character_charaName_4001,cfg_character_charaName_4001,0,,1,,4,1,2,0,2,400101,2
540015,cfg_character_charaName_4001,cfg_character_charaName_4001,0,,1,,4,1,2,0,2,400101,2
540021,cfg_character_charaName_4002,cfg_character_charaName_4002,0,,1,,4,1,2,0,1,400201,2
540023,cfg_character_charaName_4002,cfg_character_charaName_4002,0,,1,,4,1,2,0,1,400201,2
540025,cfg_character_charaName_4002,cfg_character_charaName_4002,0,,1,,4,1,2,0,1,400201,2
540031,cfg_character_charaName_4003,cfg_character_charaName_4003,0,,1,,4,1,4,1,1,400301,2
540033,cfg_character_charaName_4003,cfg_character_charaName_4003,0,,1,,4,1,4,1,1,400301,2
540035,cfg_character_charaName_4003,cfg_character_charaName_4003,0,,1,,4,1,4,1,1,400301,2
540041,cfg_character_charaName_4004,cfg_character_charaName_4004,0,,1,,4,1,5,1,2,400401,2
540043,cfg_character_charaName_4004,cfg_character_charaName_4004,0,,1,,4,1,5,1,2,400401,2
540045,cfg_character_charaName_4004,cfg_character_charaName_4004,0,,1,,4,1,5,1,2,400401,2
540051,cfg_character_charaName_4005,cfg_character_charaName_4005,0,,1,,4,1,6,0,1,400501,2
540053,cfg_character_charaName_4005,cfg_character_charaName_4005,0,,1,,4,1,6,0,1,400501,2
540055,cfg_character_charaName_4005,cfg_character_charaName_4005,0,,1,,4,1,6,0,1,400501,2
540061,cfg_character_charaName_4006,cfg_character_charaName_4006,0,,1,,1,1,3,0,1,400601,2
540063,cfg_character_charaName_4006,cfg_character_charaName_4006,0,,1,,1,1,3,0,1,400601,2
540065,cfg_character_charaName_4006,cfg_character_charaName_4006,0,,1,,1,1,3,0,1,400601,2
10001,cfg_character_charaName_10001,cfg_character_charaName_10001,0,,1,,,1,2,0,1,10001,2
10002,cfg_character_charaName_10002,cfg_character_charaName_10002,0,,1,,,1,4,1,1,10002,2
10003,cfg_character_charaName_10003,cfg_character_charaName_10003,0,,1,,,1,5,1,1,10003,2
10004,cfg_character_charaName_10004,cfg_character_charaName_10004,0,,1,,,1,2,0,1,10004,2
11004,cfg_character_charaName_10004,cfg_character_charaName_10004,0,,1,,,1,2,0,1,10004,2
10005,cfg_character_charaName_10005,cfg_character_charaName_10005,0,,1,,,1,1,0,1,10005,2
11005,cfg_character_charaName_10005,cfg_character_charaName_10005,0,,1,,,1,1,0,1,10005,2
12005,cfg_character_charaName_10005,cfg_character_charaName_10005,0,,1,,,1,1,0,1,10005,2
13005,cfg_character_charaName_10005,cfg_character_charaName_10005,0,,1,,,1,1,0,1,10005,2
10006,cfg_character_charaName_10006,cfg_character_charaName_10006,0,,1,,,1,2,0,1,10006,2
11006,cfg_character_charaName_10006,cfg_character_charaName_10006,0,,1,,,1,2,0,1,10006,2
10007,cfg_character_charaName_10007,cfg_character_charaName_10007,0,,1,,,1,5,1,1,10007,2
11007,cfg_character_charaName_10007,cfg_character_charaName_10007,0,,1,,,1,5,1,1,10007,2
10008,cfg_character_charaName_10008,cfg_character_charaName_10008,0,,1,,,1,3,0,1,10008,2
11008,cfg_character_charaName_10008,cfg_character_charaName_10008,0,,1,,,1,3,0,1,10008,2
10009,cfg_character_charaName_10009,cfg_character_charaName_10009,0,,1,,,1,6,1,1,10009,2
10010,cfg_character_charaName_10010,cfg_character_charaName_10010,0,,1,,,1,2,0,1,10010,2
11010,cfg_character_charaName_11010,cfg_character_charaName_11010,0,,1,,,1,2,0,1,11010,2
100101,cfg_character_charaName_10010,cfg_character_charaName_10010,0,,1,,,1,2,0,1,10010,2
12010,cfg_character_charaName_10010,cfg_character_charaName_10010,0,,1,,,1,2,0,1,10010,2
13010,cfg_character_charaName_10010,cfg_character_charaName_10010,0,,1,,,1,2,0,1,10010,2
10011,cfg_character_charaName_10011,cfg_character_charaName_10011,0,,1,,,1,4,1,1,10011,2
19011,cfg_character_charaName_10011,cfg_character_charaName_10011,0,,1,,,1,4,1,1,10011,2
11011,cfg_character_charaName_11011,cfg_character_charaName_11011,0,,1,,,1,4,1,1,11011,2
100111,cfg_character_charaName_10011,cfg_character_charaName_10011,0,,1,,,1,4,1,1,10011,2
10012,cfg_character_charaName_10012,cfg_character_charaName_10012,0,,1,,,1,2,0,1,10012,2
10013,cfg_character_charaName_10013,cfg_character_charaName_10013,0,,1,,,1,1,0,1,10013,2
11013,cfg_character_charaName_10013,cfg_character_charaName_10013,0,,1,,,1,1,0,1,10013,2
12013,cfg_character_charaName_10013,cfg_character_charaName_10013,0,,1,,,1,1,0,1,10013,2
13013,cfg_character_charaName_10013,cfg_character_charaName_10013,0,,1,,,1,1,0,1,10013,2
10014,cfg_character_charaName_10014,cfg_character_charaName_10014,0,,1,,,1,4,1,1,10014,2
11014,cfg_character_charaName_10014,cfg_character_charaName_10014,0,,1,,,1,4,1,1,10014,2
10015,cfg_character_charaName_10015,cfg_character_charaName_10015,0,,1,,,1,2,0,1,10015,2
10016,cfg_character_charaName_10016,cfg_character_charaName_10016,0,,1,,,1,1,0,1,10016,2
11016,cfg_character_charaName_11016,cfg_character_charaName_11016,0,,1,,,1,1,0,1,11016,2
10017,cfg_character_charaName_10017,cfg_character_charaName_10017,0,,1,,,1,4,1,1,10017,2
11017,cfg_character_charaName_10017,cfg_character_charaName_10017,0,,1,,,1,4,1,1,10017,2
10018,cfg_character_charaName_10018,cfg_character_charaName_10018,0,,1,,,1,1,0,1,10018,2
10019,cfg_character_charaName_10019,cfg_character_charaName_10019,0,,1,,,1,2,0,1,10019,2
11019,cfg_character_charaName_10019,cfg_character_charaName_10019,0,,1,,,1,2,0,1,10019,2
10020,cfg_character_charaName_10020,cfg_character_charaName_10020,0,,1,,,1,5,1,1,10020,2
10021,cfg_character_charaName_10021,cfg_character_charaName_10021,0,,1,,,1,3,0,1,10021,2
10022,cfg_character_charaName_10022,cfg_character_charaName_10022,0,,1,,,1,6,1,1,10022,2
10023,cfg_character_charaName_10023,cfg_character_charaName_10023,0,,1,,,1,4,1,1,10023,2
10024,cfg_character_charaName_10024,cfg_character_charaName_10024,0,,1,,,1,2,0,1,10024,2
10025,cfg_character_charaName_10025,cfg_character_charaName_10025,0,,1,,,1,1,0,1,10025,2
10026,cfg_character_charaName_10026,cfg_character_charaName_10026,0,,1,,,1,2,0,1,10026,2
10027,cfg_character_charaName_10027,cfg_character_charaName_10027,0,,1,,,1,2,0,1,10027,2
10028,cfg_character_charaName_10028,cfg_character_charaName_10028,0,,1,,,1,2,0,1,10028,2
10029,cfg_character_charaName_10029,cfg_character_charaName_10029,0,,1,,,1,4,1,1,10029,2
10030,cfg_character_charaName_10030,cfg_character_charaName_10030,0,,1,,,1,6,0,1,10030,2
10031,cfg_character_charaName_10031,cfg_character_charaName_10031,0,,1,,,1,1,0,1,10031,2
10032,cfg_character_charaName_10032,cfg_character_charaName_10032,0,,1,,,1,5,1,1,10032,2
10033,cfg_character_charaName_10033,cfg_character_charaName_10033,0,,1,,,1,3,0,2,10033,2
11033,cfg_character_charaName_10033,cfg_character_charaName_10033,0,,1,,,1,3,0,2,10033,2
10034,cfg_character_charaName_10034,cfg_character_charaName_10034,0,,1,,,1,6,1,1,10034,2
10035,cfg_character_charaName_10035,cfg_character_charaName_10035,0,,1,,,1,4,1,1,10035,2
10036,cfg_character_charaName_10036,cfg_character_charaName_10036,0,,1,,,1,2,0,1,10036,2
10037,cfg_character_charaName_10037,cfg_character_charaName_10037,0,,1,,,1,1,0,1,10037,2
10038,cfg_character_charaName_10038,cfg_character_charaName_10038,0,,1,,,1,5,1,1,10038,2
10039,cfg_character_charaName_10039,cfg_character_charaName_10039,0,,1,,,1,3,0,2,10039,2
10040,cfg_character_charaName_10040,cfg_character_charaName_10040,0,,1,,,1,6,1,1,10040,2
10041,cfg_character_charaName_10041,cfg_character_charaName_10041,0,,1,,,1,4,1,1,10041,2
10042,cfg_character_charaName_10042,cfg_character_charaName_10042,0,,1,,,1,2,0,1,10042,2
10045,cfg_character_charaName_10045,cfg_character_charaName_10045,0,,1,,,1,5,1,1,10045,2
10046,cfg_character_charaName_10046,cfg_character_charaName_10046,0,,1,,,1,1,0,1,10046,2
10047,cfg_character_charaName_10047,cfg_character_charaName_10047,0,,1,,,1,2,0,1,10047,2
10048,cfg_character_charaName_10048,cfg_character_charaName_10048,0,,1,,,1,4,1,1,10048,2
11048,cfg_character_charaName_10048,cfg_character_charaName_10048,0,,1,,,1,4,1,1,10048,2
10049,cfg_character_charaName_10049,cfg_character_charaName_10049,0,,1,,,1,5,1,1,10049,2
10051,cfg_character_charaName_10051,cfg_character_charaName_10051,0,,3,,,1,2,0,1,10051,2
10052,cfg_character_charaName_10052,cfg_character_charaName_10052,0,,3,,,1,2,0,1,10051,2
10053,cfg_character_charaName_10053,cfg_character_charaName_10053,0,,3,,,1,3,0,2,10053,2
10060,cfg_character_charaName_10060,cfg_character_charaName_10060,0,,3,,,1,4,1,1,10060,2
10067,cfg_character_charaName_10067,cfg_character_charaName_10067,0,,1,,,1,2,0,1,10067,2
11067,cfg_character_charaName_10067,cfg_character_charaName_10067,0,,1,,,1,2,0,1,10067,2
10068,cfg_character_charaName_10068,cfg_character_charaName_10068,0,,1,,,1,6,1,1,10068,2
10069,cfg_character_charaName_10069,cfg_character_charaName_10069,0,,1,,,1,3,1,1,10069,2
10071,cfg_character_charaName_10071,cfg_character_charaName_10071,0,,1,,,1,3,0,3,10071,2
10072,cfg_character_charaName_10072,cfg_character_charaName_10072,0,,1,,,1,2,0,3,10072,2
10073,cfg_character_charaName_10073,cfg_character_charaName_10073,0,,1,,,1,1,0,3,10073,2
100021,cfg_character_charaName_10002,cfg_character_charaName_10002,0,,1,,,1,4,1,1,10002,2
30001,cfg_character_charaName_30001,cfg_character_charaName_30001,0,,4,,4,"1001,1012",5,0,1,30001,3
31001,cfg_character_charaName_30001,cfg_character_charaName_30001,0,,4,,4,1001,5,0,1,30001,3
32001,cfg_character_charaName_30001,cfg_character_charaName_30001,0,,4,,4,"1001,1012",5,0,1,30001,3
33001,cfg_character_charaName_30001,cfg_character_charaName_30001,0,,4,,4,"1001,1012,1023",5,0,1,30001,3
34001,cfg_character_charaName_30001,cfg_character_charaName_30001,0,,4,,4,"1001,1012,1023",5,0,1,30001,3
35001,cfg_character_charaName_30001,cfg_character_charaName_30001,0,,4,,4,"1001,1012,1023",5,0,1,30001,3
300012,cfg_character_charaName_30001,cfg_character_charaName_30001,0,,4,,4,"1001,1012",5,0,1,300012,3
39001,cfg_character_charaName_30001,cfg_character_charaName_30001,0,,4,,4,"1001,1012",5,0,1,30001,3
30002,cfg_character_charaName_30002,cfg_character_charaName_30002,0,,4,,4,1016,5,1,3,30002,3
31002,cfg_character_charaName_30002,cfg_character_charaName_30002,0,,4,,4,"1006,1016",5,1,3,30002,3
30003,cfg_character_charaName_30003,cfg_character_charaName_30003,0,,4,,4,"1018,1024",5,1,3,30003,3
31003,cfg_character_charaName_30003,cfg_character_charaName_30003,0,,4,,4,"1018,1024,1025",5,0,3,30003,3
32003,cfg_character_charaName_30003,cfg_character_charaName_30003,0,,4,,4,"1018,1024,1025",5,1,3,30003,3
30004,cfg_character_charaName_3002,cfg_character_charaName_3002,0,,4,,4,"1026,1027",1,0,1,30004,3
31004,cfg_character_charaName_3002,cfg_character_charaName_3002,0,,4,,4,"1026,1027",1,0,1,30004,3
39004,cfg_character_charaName_3002,cfg_character_charaName_3002,0,,4,,4,"1026,1027",1,0,1,30004,3
300041,cfg_character_charaName_3002,cfg_character_charaName_3002,0,,4,,4,"1026,1027",1,0,1,300041,3
30005,cfg_character_charaName_30005,cfg_character_charaName_30005,0,,4,,4,"1001,1013",6,1,1,30005,3
31005,cfg_character_charaName_30005,cfg_character_charaName_30005,0,,4,,4,"1001,1013,1032",6,1,1,30005,3
30006,cfg_character_charaName_30006,cfg_character_charaName_30006,0,,4,,4,"1001,1014,1028",2,0,3,30006,3
31006,cfg_character_charaName_30006,cfg_character_charaName_30006,0,,4,,4,"1001,1014,1028",2,0,3,30006,3
32006,cfg_character_charaName_30006,cfg_character_charaName_30006,0,,4,,4,"1001,1014,1028",2,0,3,30006,3
33006,cfg_character_charaName_30006,cfg_character_charaName_30006,0,,4,,4,"1001,1004,1028",2,0,3,30006,3
34006,cfg_character_charaName_30006,cfg_character_charaName_30006,0,,4,,4,"1001,1004,1028",2,0,3,30006,3
35006,cfg_character_charaName_30006,cfg_character_charaName_30006,0,,4,,4,"1001,1004,1028",2,0,3,30006,3
30007,cfg_character_charaName_2020,cfg_character_charaName_2020,0,,4,,4,"1005,1017",3,0,1,30007,3
31007,cfg_character_charaName_2020,cfg_character_charaName_2020,0,,4,,4,"1005,1017",3,0,1,30007,3
300071,cfg_character_charaName_2020,cfg_character_charaName_2020,0,,4,,4,"1005,1017",3,0,1,300071,3
30008,cfg_character_charaName_2006,cfg_character_charaName_2006,0,,4,,4,1011,2,0,1,30008,3
31008,cfg_character_charaName_2006,cfg_character_charaName_2006,0,,4,,4,1011,2,0,1,30008,3
30009,cfg_character_charaName_1024,cfg_character_charaName_1024,0,,4,,4,"1011,1022",2,0,1,30009,3
31009,cfg_character_charaName_1024,cfg_character_charaName_1024,0,,4,,4,1011,2,0,1,30009,3
32009,cfg_character_charaName_1024,cfg_character_charaName_1024,0,,4,,4,1011,2,0,1,30009,3
33009,cfg_character_charaName_1024,cfg_character_charaName_1024,0,,4,,4,"1011,1022",2,0,1,30009,3
34009,cfg_character_charaName_1024,cfg_character_charaName_1024,0,,4,,4,"1011,1022",2,0,1,30009,3
30010,cfg_character_charaName_1031,cfg_character_charaName_1031,0,,4,,4,1006,1,0,1,30010,3
30011,cfg_character_charaName_30011,cfg_character_charaName_30011,0,,4,,4,"1029,36,1027",4,1,1,30011,3
30012,cfg_character_charaName_30012,cfg_character_charaName_30012,0,,4,,4,"1001,1012,1028",2,0,1,30012,3
300121,cfg_character_charaName_300121,cfg_character_charaName_300121,0,,4,,4,1010,2,0,1,300121,3
300122,cfg_character_charaName_30012,cfg_character_charaName_30012,0,,4,,4,1010,2,0,1,30012,3
30013,cfg_character_charaName_2019,cfg_character_charaName_2019,0,,4,,4,"1012,1018",5,1,1,30013,3
300131,cfg_character_charaName_2019,cfg_character_charaName_2019,0,,4,,4,"1012,1018",5,1,1,300131,3
30014,cfg_character_charaName_3003,cfg_character_charaName_3003,0,,4,,4,1019,2,0,1,30014,3
30015,cfg_character_charaName_3004,cfg_character_charaName_3004,0,,4,,4,34,2,0,1,30015,3
39015,cfg_character_charaName_3004,cfg_character_charaName_3004,0,,4,,4,34,2,0,1,30015,2
30016,cfg_character_charaName_3006,cfg_character_charaName_3006,0,,4,,4,1011,4,1,1,30016,3
30017,cfg_character_charaName_3007,cfg_character_charaName_3007,0,,4,,4,1002,1,0,1,30017,3
30018,cfg_character_charaName_3008,cfg_character_charaName_3008,0,,4,,4,29,2,0,1,30018,3
30019,cfg_character_charaName_30019,cfg_character_charaName_30019,0,,4,,4,1009,1,0,3,30019,3
30020,cfg_character_charaName_3005,cfg_character_charaName_3005,0,,4,,4,1021,6,1,2,30020,3
30021,cfg_character_charaName_3010,cfg_character_charaName_3010,0,,4,,4,1022,3,0,1,30021,3
300211,沙丘隆特的幻象,沙丘隆特的幻象,0,,3,,4,1,3,0,1,30021,2
30022,cfg_character_charaName_2011,cfg_character_charaName_2011,0,,4,,4,1008,5,1,1,30022,3
30026,cfg_character_charaName_2021,cfg_character_charaName_2021,0,,4,,4,"1009,1020",2,0,1,30026,3
30028,cfg_character_charaName_1006,cfg_character_charaName_1006,0,,4,,4,1009,2,0,1,30028,3
30029,cfg_character_charaName_2005,cfg_character_charaName_2005,0,,4,,4,37,2,0,1,30029,3
300011,小型火精灵,小型火精灵,0,,3,,4,1,5,0,1,300011,2
300091,漆黑圣典一席幻象,漆黑圣典一席幻象,0,,3,,4,1,2,0,1,300091,2
30046,cfg_character_charaName_30046,cfg_character_charaName_30046,0,,4,,4,"1001,1013",6,1,1,30046,3
40001,cfg_character_charaName_40001,cfg_character_charaName_40001,0,,4,,4,"1019,1032,1029",5,1,2,40001,3
52998,cfg_character_charaName_2998,cfg_character_charaName_2998,0,,3,2998,2,2,2,0,1,299801,1
